{
  "image": "/content/chest_xray_cache/cache_3a0b791144/images/train/PNEUMONIA/person475_bacteria_2025.jpeg",
  "K": 60,
  "p0": 0.969295084476471,
  "baseline": {
    "mode": "blur"
  },
  "params": {
    "n_segments": 60,
    "compactness": 10.0,
    "sigma": 1.0,
    "use_lab": false
  },
  "aucs": {
    "SEED_raw": 0.42398908734321594,
    "SEED_b": 0.2260257750749588,
    "SOFI_HL_raw": 0.4061093330383301,
    "SOFI_HL_b": 0.2260257750749588,
    "RAND_raw_mean": 0.9325330903132757,
    "RAND_raw_std": 0.03986612729800974
  },
  "hl_meta": {
    "stopped_reason": "max_iters",
    "iters_done": 300,
    "best_improvement": 0.0033935904502868652,
    "patience_scale": 2.5,
    "max_iters_per": 300
  },
  "seed": 4042,
  "baseline_mode": "blur"
}