{
  "image": "/content/chest_xray_cache/cache_3a0b791144/images/train/PNEUMONIA/person520_bacteria_2204.jpeg",
  "K": 61,
  "p0": 0.9989853501319885,
  "baseline": {
    "mode": "blur"
  },
  "params": {
    "n_segments": 60,
    "compactness": 10.0,
    "sigma": 1.0,
    "use_lab": false
  },
  "aucs": {
    "SEED_raw": 0.6500118374824524,
    "SEED_b": 0.4153807461261749,
    "SOFI_HL_raw": 0.6290608048439026,
    "SOFI_HL_b": 0.4153807461261749,
    "RAND_raw_mean": 0.9430825263261795,
    "RAND_raw_std": 0.012232860270783009
  },
  "hl_meta": {
    "stopped_reason": "max_iters",
    "iters_done": 300,
    "best_improvement": 0.0024796128273010254,
    "patience_scale": 2.5,
    "max_iters_per": 300
  },
  "seed": 2042,
  "baseline_mode": "blur"
}