{
  "image": "/content/chest_xray_cache/cache_3a0b791144/images/test/PNEUMONIA/person112_bacteria_538.jpeg",
  "K": 120,
  "p0": 0.9992984533309937,
  "baseline": {
    "mode": "blur"
  },
  "params": {
    "n_segments": 120,
    "compactness": 10.0,
    "sigma": 1.0,
    "use_lab": false
  },
  "aucs": {
    "SEED_raw": 0.41765889525413513,
    "SEED_b": 0.1314658224582672,
    "SOFI_HL_raw": 0.3613818287849426,
    "SOFI_HL_b": 0.1335568130016327,
    "RAND_raw_mean": 0.9455427477757136,
    "RAND_raw_std": 0.010236319789831274
  },
  "hl_meta": {
    "stopped_reason": "max_iters",
    "iters_done": 600,
    "best_improvement": 0.013145297765731812,
    "patience_scale": 2.5,
    "max_iters_per": 600
  },
  "seed": 1042,
  "baseline_mode": "blur"
}