{
  "image": "/content/chest_xray_cache/cache_3a0b791144/images/train/PNEUMONIA/person1439_virus_2453.jpeg",
  "K": 117,
  "p0": 0.976010262966156,
  "baseline": {
    "mode": "blur"
  },
  "params": {
    "n_segments": 120,
    "compactness": 10.0,
    "sigma": 1.0,
    "use_lab": false
  },
  "aucs": {
    "SEED_raw": 0.3794248700141907,
    "SEED_b": 0.09153690934181213,
    "SOFI_HL_raw": 0.33767157793045044,
    "SOFI_HL_b": 0.09546069800853729,
    "RAND_raw_mean": 0.9226173311471939,
    "RAND_raw_std": 0.021583769455269887
  },
  "hl_meta": {
    "stopped_reason": "max_iters",
    "iters_done": 600,
    "best_improvement": 0.006940126419067383,
    "patience_scale": 2.5,
    "max_iters_per": 600
  },
  "seed": 3042,
  "baseline_mode": "blur"
}