{
  "image": "/content/chest_xray_cache/cache_3a0b791144/images/train/PNEUMONIA/person21_bacteria_72.jpeg",
  "K": 110,
  "p0": 0.7888375520706177,
  "baseline": {
    "mode": "blur"
  },
  "params": {
    "n_segments": 120,
    "compactness": 10.0,
    "sigma": 1.0,
    "use_lab": false
  },
  "aucs": {
    "SEED_raw": 0.2831321060657501,
    "SEED_b": 0.03569463640451431,
    "SOFI_HL_raw": 0.2201574295759201,
    "SOFI_HL_b": 0.03732600435614586,
    "RAND_raw_mean": 0.9740273505449295,
    "RAND_raw_std": 0.09066048811837672
  },
  "hl_meta": {
    "stopped_reason": "max_iters",
    "iters_done": 600,
    "best_improvement": 0.014938384294509888,
    "patience_scale": 2.5,
    "max_iters_per": 600
  },
  "seed": 9042,
  "baseline_mode": "blur"
}