{
  "image": "/content/chest_xray_cache/cache_3a0b791144/images/train/PNEUMONIA/person435_virus_885.jpeg",
  "K": 95,
  "p0": 0.792384684085846,
  "baseline": {
    "mode": "blur"
  },
  "params": {
    "n_segments": 100,
    "compactness": 10.0,
    "sigma": 1.0,
    "use_lab": false
  },
  "aucs": {
    "SEED_raw": 0.2902706563472748,
    "SEED_b": 0.03577619791030884,
    "SOFI_HL_raw": 0.2341795712709427,
    "SOFI_HL_b": 0.0357123538851738,
    "RAND_raw_mean": 0.7796961963176727,
    "RAND_raw_std": 0.10516081609816377
  },
  "hl_meta": {
    "stopped_reason": "max_iters",
    "iters_done": 500,
    "best_improvement": 0.009570270776748657,
    "patience_scale": 2.5,
    "max_iters_per": 500
  },
  "seed": 8042,
  "baseline_mode": "blur"
}