{
  "image": "/content/chest_xray_cache/cache_3a0b791144/images/train/PNEUMONIA/person475_bacteria_2025.jpeg",
  "K": 97,
  "p0": 0.969295084476471,
  "baseline": 0.5980010628700256,
  "params": {
    "n_segments": 100,
    "compactness": 10.0,
    "sigma": 1.0,
    "use_lab": false
  },
  "aucs": {
    "SEED_raw": 0.46692126989364624,
    "SEED_b": 0.3751928210258484,
    "SOFI_HL_raw": 0.4178285002708435,
    "SOFI_HL_b": 0.3616653084754944,
    "RAND_raw_mean": 0.7299272070328394,
    "RAND_raw_std": 0.045801098344412226
  },
  "hl_meta": {
    "stopped_reason": "max_iters",
    "iters_done": 500,
    "best_improvement": 0.007914185523986816,
    "patience_scale": 2.5,
    "max_iters_per": 500
  },
  "seed": 4042,
  "baseline_mode": "dataset-mean"
}