{
  "image": "/content/chest_xray_cache/cache_3a0b791144/images/train/PNEUMONIA/person154_virus_305.jpeg",
  "K": 95,
  "p0": 0.9321912527084351,
  "baseline": 0.5980010628700256,
  "params": {
    "n_segments": 100,
    "compactness": 10.0,
    "sigma": 1.0,
    "use_lab": false
  },
  "aucs": {
    "SEED_raw": 0.2905462384223938,
    "SEED_b": 0.06766238063573837,
    "SOFI_HL_raw": 0.22598853707313538,
    "SOFI_HL_b": 0.0681566596031189,
    "RAND_raw_mean": 0.7463498959938685,
    "RAND_raw_std": 0.020995793354702585
  },
  "hl_meta": {
    "stopped_reason": "max_iters",
    "iters_done": 500,
    "best_improvement": 0.009256213903427124,
    "patience_scale": 2.5,
    "max_iters_per": 500
  },
  "seed": 6042,
  "baseline_mode": "dataset-mean"
}