{
  "image": "/content/chest_xray_cache/cache_3a0b791144/images/train/PNEUMONIA/person435_virus_885.jpeg",
  "K": 95,
  "p0": 0.792384684085846,
  "baseline": 0.5980010628700256,
  "params": {
    "n_segments": 100,
    "compactness": 10.0,
    "sigma": 1.0,
    "use_lab": false
  },
  "aucs": {
    "SEED_raw": 0.36020323634147644,
    "SEED_b": 0.02725791186094284,
    "SOFI_HL_raw": 0.2716258764266968,
    "SOFI_HL_b": 0.027589144185185432,
    "RAND_raw_mean": 0.768761396408081,
    "RAND_raw_std": 0.0736913839562433
  },
  "hl_meta": {
    "stopped_reason": "max_iters",
    "iters_done": 500,
    "best_improvement": 0.021254003047943115,
    "patience_scale": 2.5,
    "max_iters_per": 500
  },
  "seed": 8042,
  "baseline_mode": "dataset-mean"
}