{
  "img": "/content/chest_xray_cache/cache_3a0b791144/images/train/PNEUMONIA/person520_bacteria_2204.jpeg",
  "method": "OccSensitivity",
  "K": 115,
  "baseline_mode": "dataset-mean",
  "p0": 0.9989853501319885,
  "auc_raw": 0.7103654146194458,
  "rand_raw_mean": 0.7632029205560684,
  "rand_raw_std": 0.026505083419469035,
  "params": {
    "compactness": 10.0,
    "sigma": 1.0,
    "use_lab": false
  }
}