{
  "img": "/content/chest_xray_cache/cache_3a0b791144/images/train/PNEUMONIA/person520_bacteria_2204.jpeg",
  "method": "GradxInput",
  "K": 96,
  "baseline_mode": "dataset-mean",
  "p0": 0.9989853501319885,
  "auc_raw": 0.6326150894165039,
  "rand_raw_mean": 0.7363353570302328,
  "rand_raw_std": 0.02989473168729416,
  "params": {
    "compactness": 10.0,
    "sigma": 1.0,
    "use_lab": false
  }
}