{
  "img": "/content/chest_xray_cache/cache_3a0b791144/images/test/PNEUMONIA/person112_bacteria_538.jpeg",
  "method": "GradxInput",
  "K": 98,
  "baseline_mode": "dataset-mean",
  "p0": 0.9992984533309937,
  "auc_raw": 0.632713794708252,
  "rand_raw_mean": 0.7358089685440063,
  "rand_raw_std": 0.025864415871865904,
  "params": {
    "compactness": 10.0,
    "sigma": 1.0,
    "use_lab": false
  }
}