{
  "img": "/content/chest_xray_cache/cache_3a0b791144/images/train/PNEUMONIA/person21_bacteria_72.jpeg",
  "method": "IntegratedGradients",
  "K": 132,
  "baseline_mode": "blur",
  "p0": 0.7888375520706177,
  "auc_raw": 1.026910662651062,
  "rand_raw_mean": 0.9902880042791367,
  "rand_raw_std": 0.051214413046460204,
  "params": {
    "compactness": 10.0,
    "sigma": 1.0,
    "use_lab": false
  }
}