{
  "img": "/content/chest_xray_cache/cache_3a0b791144/images/train/PNEUMONIA/person21_bacteria_72.jpeg",
  "method": "ScoreCAM",
  "K": 110,
  "baseline_mode": "dataset-mean",
  "p0": 0.7888375520706177,
  "auc_raw": 0.5999003648757935,
  "rand_raw_mean": 0.82451032102108,
  "rand_raw_std": 0.04964471889564327,
  "params": {
    "compactness": 10.0,
    "sigma": 1.0,
    "use_lab": false
  }
}