{
  "img": "/content/chest_xray_cache/cache_3a0b791144/images/train/PNEUMONIA/person721_virus_1340.jpeg",
  "method": "OccSensitivity",
  "K": 139,
  "baseline_mode": "dataset-mean",
  "p0": 0.7338572144508362,
  "auc_raw": 0.8503880500793457,
  "rand_raw_mean": 0.9618821938832601,
  "rand_raw_std": 0.039139089505145226,
  "params": {
    "compactness": 10.0,
    "sigma": 1.0,
    "use_lab": false
  }
}