{
  "img": "/content/chest_xray_cache/cache_3a0b791144/images/train/PNEUMONIA/person21_bacteria_72.jpeg",
  "method": "OccSensitivity",
  "K": 73,
  "baseline_mode": "blur",
  "p0": 0.7888375520706177,
  "auc_raw": 0.4938511252403259,
  "rand_raw_mean": 0.9387008001406988,
  "rand_raw_std": 0.06762425531766941,
  "params": {
    "compactness": 10.0,
    "sigma": 1.0,
    "use_lab": false
  }
}