{
  "img": "/content/chest_xray_cache/cache_3a0b791144/images/train/PNEUMONIA/person435_virus_885.jpeg",
  "method": "ScoreCAM",
  "K": 57,
  "baseline_mode": "blur",
  "p0": 0.792384684085846,
  "auc_raw": 0.9342455267906189,
  "rand_raw_mean": 0.8467535277207693,
  "rand_raw_std": 0.07837345058452842,
  "params": {
    "compactness": 10.0,
    "sigma": 1.0,
    "use_lab": false
  }
}