{
  "img": "/content/chest_xray_cache/cache_3a0b791144/images/train/PNEUMONIA/person1439_virus_2453.jpeg",
  "method": "IntegratedGradients",
  "K": 63,
  "baseline_mode": "blur",
  "p0": 0.976010262966156,
  "auc_raw": 0.8986632227897644,
  "rand_raw_mean": 0.9091151009003321,
  "rand_raw_std": 0.03069213163131216,
  "params": {
    "compactness": 10.0,
    "sigma": 1.0,
    "use_lab": false
  }
}