{
  "img": "/content/chest_xray_cache/cache_3a0b791144/images/train/PNEUMONIA/person475_bacteria_2025.jpeg",
  "method": "ScoreCAM",
  "K": 116,
  "baseline_mode": "dataset-mean",
  "p0": 0.969295084476471,
  "auc_raw": 0.643534243106842,
  "rand_raw_mean": 0.7552385081847509,
  "rand_raw_std": 0.024568717423899454,
  "params": {
    "compactness": 10.0,
    "sigma": 1.0,
    "use_lab": false
  }
}