{
  "img": "/content/chest_xray_cache/cache_3a0b791144/images/train/PNEUMONIA/person1439_virus_2453.jpeg",
  "method": "OccSensitivity",
  "K": 143,
  "baseline_mode": "dataset-mean",
  "p0": 0.976010262966156,
  "auc_raw": 0.6812450885772705,
  "rand_raw_mean": 0.7796607563893,
  "rand_raw_std": 0.033095724951633126,
  "params": {
    "compactness": 10.0,
    "sigma": 1.0,
    "use_lab": false
  }
}