{
  "img": "/content/chest_xray_cache/cache_3a0b791144/images/test/PNEUMONIA/person112_bacteria_538.jpeg",
  "method": "ScoreCAM",
  "K": 78,
  "baseline_mode": "blur",
  "p0": 0.9992984533309937,
  "auc_raw": 0.9484899640083313,
  "rand_raw_mean": 0.9311129401127497,
  "rand_raw_std": 0.020166150054836966,
  "params": {
    "compactness": 10.0,
    "sigma": 1.0,
    "use_lab": false
  }
}