{
  "img": "/content/chest_xray_cache/cache_3a0b791144/images/train/PNEUMONIA/person21_bacteria_72.jpeg",
  "method": "OccSensitivity",
  "K": 132,
  "baseline_mode": "dataset-mean",
  "p0": 0.7888375520706177,
  "auc_raw": 0.5654841661453247,
  "rand_raw_mean": 0.8137378891309103,
  "rand_raw_std": 0.05841834420681517,
  "params": {
    "compactness": 10.0,
    "sigma": 1.0,
    "use_lab": false
  }
}