{
  "img": "/content/chest_xray_cache/cache_3a0b791144/images/train/PNEUMONIA/person1439_virus_2453.jpeg",
  "method": "OccSensitivity",
  "K": 63,
  "baseline_mode": "dataset-mean",
  "p0": 0.976010262966156,
  "auc_raw": 0.7048466801643372,
  "rand_raw_mean": 0.7410330573717753,
  "rand_raw_std": 0.03587848065867463,
  "params": {
    "compactness": 10.0,
    "sigma": 1.0,
    "use_lab": false
  }
}