{
  "img": "/content/chest_xray_cache/cache_3a0b791144/images/train/PNEUMONIA/person1439_virus_2453.jpeg",
  "method": "IntegratedGradients",
  "K": 78,
  "baseline_mode": "dataset-mean",
  "p0": 0.976010262966156,
  "auc_raw": 0.7505336403846741,
  "rand_raw_mean": 0.7203371127446493,
  "rand_raw_std": 0.02833939630361177,
  "params": {
    "compactness": 10.0,
    "sigma": 1.0,
    "use_lab": false
  }
}