{
  "img": "/content/chest_xray_cache/cache_3a0b791144/images/train/PNEUMONIA/person21_bacteria_72.jpeg",
  "method": "IntegratedGradients",
  "K": 58,
  "baseline_mode": "dataset-mean",
  "p0": 0.7888375520706177,
  "auc_raw": 0.7944492101669312,
  "rand_raw_mean": 0.7350509117046992,
  "rand_raw_std": 0.05937648914427274,
  "params": {
    "compactness": 10.0,
    "sigma": 1.0,
    "use_lab": false
  }
}