{
  "img": "/content/chest_xray_cache/cache_3a0b791144/images/train/PNEUMONIA/person21_bacteria_72.jpeg",
  "method": "IntegratedGradients",
  "K": 58,
  "baseline_mode": "blur",
  "p0": 0.7888375520706177,
  "auc_raw": 1.0134260654449463,
  "rand_raw_mean": 0.9354081600904465,
  "rand_raw_std": 0.06648074411838882,
  "params": {
    "compactness": 10.0,
    "sigma": 1.0,
    "use_lab": false
  }
}