{
  "img": "/content/chest_xray_cache/cache_3a0b791144/images/train/PNEUMONIA/person21_bacteria_72.jpeg",
  "method": "DeepLIFT",
  "K": 92,
  "baseline_mode": "dataset-mean",
  "p0": 0.7888375520706177,
  "auc_raw": 0.7860913276672363,
  "rand_raw_mean": 0.7832512656847636,
  "rand_raw_std": 0.06655922271477953,
  "params": {
    "compactness": 10.0,
    "sigma": 1.0,
    "use_lab": false
  }
}