{
  "img": "/content/chest_xray_cache/cache_3a0b791144/images/train/PNEUMONIA/person154_virus_305.jpeg",
  "method": "GradCAM",
  "K": 74,
  "baseline_mode": "dataset-mean",
  "p0": 0.9321912527084351,
  "auc_raw": 0.6878236532211304,
  "rand_raw_mean": 0.7434744189182917,
  "rand_raw_std": 0.026181800952369855,
  "params": {
    "compactness": 10.0,
    "sigma": 1.0,
    "use_lab": false
  }
}