{
  "img": "/content/chest_xray_cache/cache_3a0b791144/images/train/PNEUMONIA/person721_virus_1340.jpeg",
  "method": "IntegratedGradients",
  "K": 102,
  "baseline_mode": "blur",
  "p0": 0.7338572144508362,
  "auc_raw": 1.0349538326263428,
  "rand_raw_mean": 1.1975628932317097,
  "rand_raw_std": 0.038760454889285326,
  "params": {
    "compactness": 10.0,
    "sigma": 1.0,
    "use_lab": false
  }
}