{
  "img": "/content/chest_xray_cache/cache_3a0b791144/images/train/PNEUMONIA/person520_bacteria_2204.jpeg",
  "method": "OccSensitivity",
  "K": 61,
  "baseline_mode": "blur",
  "p0": 0.9989853501319885,
  "auc_raw": 0.8551477193832397,
  "rand_raw_mean": 0.940918986996015,
  "rand_raw_std": 0.019160898436752456,
  "params": {
    "compactness": 10.0,
    "sigma": 1.0,
    "use_lab": false
  }
}