{
  "img": "/content/chest_xray_cache/cache_3a0b791144/images/train/PNEUMONIA/person520_bacteria_2204.jpeg",
  "method": "OccSensitivity",
  "K": 115,
  "baseline_mode": "blur",
  "p0": 0.9989853501319885,
  "auc_raw": 0.941141664981842,
  "rand_raw_mean": 0.9437362651030222,
  "rand_raw_std": 0.011043257626785624,
  "params": {
    "compactness": 10.0,
    "sigma": 1.0,
    "use_lab": false
  }
}