{
  "img": "/content/chest_xray_cache/cache_3a0b791144/images/train/PNEUMONIA/person435_virus_885.jpeg",
  "method": "ScoreCAM",
  "K": 138,
  "baseline_mode": "dataset-mean",
  "p0": 0.792384684085846,
  "auc_raw": 0.5467759370803833,
  "rand_raw_mean": 0.7822890281677246,
  "rand_raw_std": 0.06964331495351728,
  "params": {
    "compactness": 10.0,
    "sigma": 1.0,
    "use_lab": false
  }
}