{
  "img": "/content/chest_xray_cache/cache_3a0b791144/images/train/PNEUMONIA/person115_virus_219.jpeg",
  "method": "GradCAM",
  "K": 73,
  "baseline_mode": "blur",
  "p0": 0.8984790444374084,
  "auc_raw": 0.9412055611610413,
  "rand_raw_mean": 0.9919017354647318,
  "rand_raw_std": 0.01842973280105271,
  "params": {
    "compactness": 10.0,
    "sigma": 1.0,
    "use_lab": false
  }
}