{
  "img": "/content/chest_xray_cache/cache_3a0b791144/images/train/PNEUMONIA/person435_virus_885.jpeg",
  "method": "GradxInput",
  "K": 57,
  "baseline_mode": "dataset-mean",
  "p0": 0.792384684085846,
  "auc_raw": 0.6969254612922668,
  "rand_raw_mean": 0.7281215687592825,
  "rand_raw_std": 0.08698720488857586,
  "params": {
    "compactness": 10.0,
    "sigma": 1.0,
    "use_lab": false
  }
}