{
  "img": "/content/chest_xray_cache/cache_3a0b791144/images/train/PNEUMONIA/person435_virus_885.jpeg",
  "method": "IntegratedGradients",
  "K": 113,
  "baseline_mode": "dataset-mean",
  "p0": 0.792384684085846,
  "auc_raw": 0.8355557918548584,
  "rand_raw_mean": 0.7538539419571558,
  "rand_raw_std": 0.07368487687298936,
  "params": {
    "compactness": 10.0,
    "sigma": 1.0,
    "use_lab": false
  }
}