{
  "img": "/content/chest_xray_cache/cache_3a0b791144/images/train/PNEUMONIA/person115_virus_219.jpeg",
  "method": "IntegratedGradients",
  "K": 115,
  "baseline_mode": "blur",
  "p0": 0.8984790444374084,
  "auc_raw": 1.0115517377853394,
  "rand_raw_mean": 1.0017189880212147,
  "rand_raw_std": 0.013669354767689415,
  "params": {
    "compactness": 10.0,
    "sigma": 1.0,
    "use_lab": false
  }
}