{
  "img": "/content/chest_xray_cache/cache_3a0b791144/images/train/PNEUMONIA/person721_virus_1340.jpeg",
  "method": "ScoreCAM",
  "K": 59,
  "baseline_mode": "dataset-mean",
  "p0": 0.7338572144508362,
  "auc_raw": 0.5914229154586792,
  "rand_raw_mean": 0.8807032903035482,
  "rand_raw_std": 0.04426687838146617,
  "params": {
    "compactness": 10.0,
    "sigma": 1.0,
    "use_lab": false
  }
}