{
  "img": "/content/chest_xray_cache/cache_3a0b791144/images/test/PNEUMONIA/person112_bacteria_538.jpeg",
  "method": "DeepLIFT",
  "K": 78,
  "baseline_mode": "dataset-mean",
  "p0": 0.9992984533309937,
  "auc_raw": 0.616039514541626,
  "rand_raw_mean": 0.714153935511907,
  "rand_raw_std": 0.025045004611268417,
  "params": {
    "compactness": 10.0,
    "sigma": 1.0,
    "use_lab": false
  }
}