{
  "img": "/content/chest_xray_cache/cache_3a0b791144/images/train/PNEUMONIA/person841_virus_1481.jpeg",
  "method": "DeepLIFT",
  "K": 94,
  "baseline_mode": "blur",
  "p0": 0.9374452829360962,
  "auc_raw": 0.886189341545105,
  "rand_raw_mean": 0.8584764848152796,
  "rand_raw_std": 0.07154183345367818,
  "params": {
    "compactness": 10.0,
    "sigma": 1.0,
    "use_lab": false
  }
}