{
  "img": "/content/chest_xray_cache/cache_3a0b791144/images/train/PNEUMONIA/person841_virus_1481.jpeg",
  "method": "DeepLIFT",
  "K": 138,
  "baseline_mode": "blur",
  "p0": 0.9374452829360962,
  "auc_raw": 0.8115861415863037,
  "rand_raw_mean": 0.9039792766173681,
  "rand_raw_std": 0.06630037651697586,
  "params": {
    "compactness": 10.0,
    "sigma": 1.0,
    "use_lab": false
  }
}