{
  "img": "/content/chest_xray_cache/cache_3a0b791144/images/train/PNEUMONIA/person435_virus_885.jpeg",
  "method": "GradxInput",
  "K": 95,
  "baseline_mode": "blur",
  "p0": 0.792384684085846,
  "auc_raw": 0.9694039821624756,
  "rand_raw_mean": 0.7901693185170492,
  "rand_raw_std": 0.11399068354925593,
  "params": {
    "compactness": 10.0,
    "sigma": 1.0,
    "use_lab": false
  }
}