{
  "img": "/content/chest_xray_cache/cache_3a0b791144/images/train/PNEUMONIA/person154_virus_305.jpeg",
  "method": "OccSensitivity",
  "K": 116,
  "baseline_mode": "dataset-mean",
  "p0": 0.9321912527084351,
  "auc_raw": 0.6092169284820557,
  "rand_raw_mean": 0.7556398510932922,
  "rand_raw_std": 0.027588616794236426,
  "params": {
    "compactness": 10.0,
    "sigma": 1.0,
    "use_lab": false
  }
}