{
  "img": "/content/chest_xray_cache/cache_3a0b791144/images/train/PNEUMONIA/person435_virus_885.jpeg",
  "method": "ScoreCAM",
  "K": 113,
  "baseline_mode": "blur",
  "p0": 0.792384684085846,
  "auc_raw": 0.9220539927482605,
  "rand_raw_mean": 0.8873406251271566,
  "rand_raw_std": 0.07489675779501773,
  "params": {
    "compactness": 10.0,
    "sigma": 1.0,
    "use_lab": false
  }
}