{
  "img": "/content/chest_xray_cache/cache_3a0b791144/images/train/PNEUMONIA/person21_bacteria_72.jpeg",
  "method": "GradCAM",
  "K": 110,
  "baseline_mode": "blur",
  "p0": 0.7888375520706177,
  "auc_raw": 0.7562450766563416,
  "rand_raw_mean": 0.9680392841498057,
  "rand_raw_std": 0.04229773256551556,
  "params": {
    "compactness": 10.0,
    "sigma": 1.0,
    "use_lab": false
  }
}