{
  "img": "/content/chest_xray_cache/cache_3a0b791144/images/train/PNEUMONIA/person475_bacteria_2025.jpeg",
  "method": "GradCAM",
  "K": 75,
  "baseline_mode": "blur",
  "p0": 0.969295084476471,
  "auc_raw": 0.8526305556297302,
  "rand_raw_mean": 0.9069129774967829,
  "rand_raw_std": 0.04619050177322443,
  "params": {
    "compactness": 10.0,
    "sigma": 1.0,
    "use_lab": false
  }
}