{
  "img": "/content/chest_xray_cache/cache_3a0b791144/images/train/PNEUMONIA/person115_virus_219.jpeg",
  "method": "ScoreCAM",
  "K": 99,
  "baseline_mode": "dataset-mean",
  "p0": 0.8984790444374084,
  "auc_raw": 0.5842579007148743,
  "rand_raw_mean": 0.7740093568960825,
  "rand_raw_std": 0.03500989683421455,
  "params": {
    "compactness": 10.0,
    "sigma": 1.0,
    "use_lab": false
  }
}