{
  "img": "/content/chest_xray_cache/cache_3a0b791144/images/train/PNEUMONIA/person154_virus_305.jpeg",
  "method": "GradCAM",
  "K": 144,
  "baseline_mode": "blur",
  "p0": 0.9321912527084351,
  "auc_raw": 0.8863524198532104,
  "rand_raw_mean": 0.929679661989212,
  "rand_raw_std": 0.021959717865929977,
  "params": {
    "compactness": 10.0,
    "sigma": 1.0,
    "use_lab": false
  }
}