{
  "img": "/content/chest_xray_cache/cache_3a0b791144/images/train/PNEUMONIA/person1439_virus_2453.jpeg",
  "method": "DeepLIFT",
  "K": 117,
  "baseline_mode": "dataset-mean",
  "p0": 0.976010262966156,
  "auc_raw": 0.7610372304916382,
  "rand_raw_mean": 0.7524596601724625,
  "rand_raw_std": 0.027000800188724743,
  "params": {
    "compactness": 10.0,
    "sigma": 1.0,
    "use_lab": false
  }
}