{
  "img": "/content/chest_xray_cache/cache_3a0b791144/images/train/PNEUMONIA/person475_bacteria_2025.jpeg",
  "method": "GradCAM",
  "K": 97,
  "baseline_mode": "dataset-mean",
  "p0": 0.969295084476471,
  "auc_raw": 0.7415726184844971,
  "rand_raw_mean": 0.7524314473072687,
  "rand_raw_std": 0.021177460701634065,
  "params": {
    "compactness": 10.0,
    "sigma": 1.0,
    "use_lab": false
  }
}