{
  "img": "/content/chest_xray_cache/cache_3a0b791144/images/train/PNEUMONIA/person1439_virus_2453.jpeg",
  "method": "GradCAM",
  "K": 78,
  "baseline_mode": "blur",
  "p0": 0.976010262966156,
  "auc_raw": 0.8823114037513733,
  "rand_raw_mean": 0.8870723396539688,
  "rand_raw_std": 0.054786494549058706,
  "params": {
    "compactness": 10.0,
    "sigma": 1.0,
    "use_lab": false
  }
}