{
  "img": "/content/chest_xray_cache/cache_3a0b791144/images/train/PNEUMONIA/person435_virus_885.jpeg",
  "method": "OccSensitivity",
  "K": 95,
  "baseline_mode": "dataset-mean",
  "p0": 0.792384684085846,
  "auc_raw": 0.6592318415641785,
  "rand_raw_mean": 0.7325889468193054,
  "rand_raw_std": 0.06507811556243039,
  "params": {
    "compactness": 10.0,
    "sigma": 1.0,
    "use_lab": false
  }
}