{
  "img": "/content/chest_xray_cache/cache_3a0b791144/images/train/PNEUMONIA/person520_bacteria_2204.jpeg",
  "method": "GradxInput",
  "K": 78,
  "baseline_mode": "blur",
  "p0": 0.9989853501319885,
  "auc_raw": 0.9056912660598755,
  "rand_raw_mean": 0.9413128644227982,
  "rand_raw_std": 0.0069848613730831045,
  "params": {
    "compactness": 10.0,
    "sigma": 1.0,
    "use_lab": false
  }
}