{
  "img": "/content/chest_xray_cache/cache_3a0b791144/images/train/PNEUMONIA/person154_virus_305.jpeg",
  "method": "GradCAM",
  "K": 61,
  "baseline_mode": "dataset-mean",
  "p0": 0.9321912527084351,
  "auc_raw": 0.7352185845375061,
  "rand_raw_mean": 0.7277895410855612,
  "rand_raw_std": 0.03195717637556776,
  "params": {
    "compactness": 10.0,
    "sigma": 1.0,
    "use_lab": false
  }
}