{
  "img": "/content/chest_xray_cache/cache_3a0b791144/images/train/PNEUMONIA/person841_virus_1481.jpeg",
  "method": "OccSensitivity",
  "K": 138,
  "baseline_mode": "dataset-mean",
  "p0": 0.9374452829360962,
  "auc_raw": 0.6776239275932312,
  "rand_raw_mean": 0.7652321110169092,
  "rand_raw_std": 0.029471008151706092,
  "params": {
    "compactness": 10.0,
    "sigma": 1.0,
    "use_lab": false
  }
}