{
  "img": "/content/chest_xray_cache/cache_3a0b791144/images/train/PNEUMONIA/person520_bacteria_2204.jpeg",
  "method": "OccSensitivity",
  "K": 143,
  "baseline_mode": "dataset-mean",
  "p0": 0.9989853501319885,
  "auc_raw": 0.7038486003875732,
  "rand_raw_mean": 0.7656396627426147,
  "rand_raw_std": 0.021760778878117715,
  "params": {
    "compactness": 10.0,
    "sigma": 1.0,
    "use_lab": false
  }
}