{
  "img": "/content/chest_xray_cache/cache_3a0b791144/images/train/PNEUMONIA/person435_virus_885.jpeg",
  "method": "OccSensitivity",
  "K": 138,
  "baseline_mode": "blur",
  "p0": 0.792384684085846,
  "auc_raw": 0.4300936460494995,
  "rand_raw_mean": 0.8863372604052225,
  "rand_raw_std": 0.10781801382112287,
  "params": {
    "compactness": 10.0,
    "sigma": 1.0,
    "use_lab": false
  }
}