{
  "img": "/content/chest_xray_cache/cache_3a0b791144/images/test/PNEUMONIA/person112_bacteria_538.jpeg",
  "method": "GradxInput",
  "K": 61,
  "baseline_mode": "dataset-mean",
  "p0": 0.9992984533309937,
  "auc_raw": 0.6209174394607544,
  "rand_raw_mean": 0.7012134492397308,
  "rand_raw_std": 0.029713586032062145,
  "params": {
    "compactness": 10.0,
    "sigma": 1.0,
    "use_lab": false
  }
}