{
  "img": "/content/chest_xray_cache/cache_3a0b791144/images/train/PNEUMONIA/person841_virus_1481.jpeg",
  "method": "DeepLIFT",
  "K": 55,
  "baseline_mode": "dataset-mean",
  "p0": 0.9374452829360962,
  "auc_raw": 0.6144154071807861,
  "rand_raw_mean": 0.6759346673885981,
  "rand_raw_std": 0.04659813097436446,
  "params": {
    "compactness": 10.0,
    "sigma": 1.0,
    "use_lab": false
  }
}