{
  "img": "/content/chest_xray_cache/cache_3a0b791144/images/train/PNEUMONIA/person841_virus_1481.jpeg",
  "method": "GradCAM",
  "K": 73,
  "baseline_mode": "blur",
  "p0": 0.9374452829360962,
  "auc_raw": 0.8472649455070496,
  "rand_raw_mean": 0.8820015092690786,
  "rand_raw_std": 0.07515389138611303,
  "params": {
    "compactness": 10.0,
    "sigma": 1.0,
    "use_lab": false
  }
}