{
  "img": "/content/chest_xray_cache/cache_3a0b791144/images/train/PNEUMONIA/person115_virus_219.jpeg",
  "method": "OccSensitivity",
  "K": 60,
  "baseline_mode": "blur",
  "p0": 0.8984790444374084,
  "auc_raw": 0.9134482145309448,
  "rand_raw_mean": 0.9735883673032125,
  "rand_raw_std": 0.02574336914985518,
  "params": {
    "compactness": 10.0,
    "sigma": 1.0,
    "use_lab": false
  }
}