{
  "img": "/content/chest_xray_cache/cache_3a0b791144/images/train/PNEUMONIA/person721_virus_1340.jpeg",
  "method": "ScoreCAM",
  "K": 116,
  "baseline_mode": "dataset-mean",
  "p0": 0.7338572144508362,
  "auc_raw": 0.7062565088272095,
  "rand_raw_mean": 0.9424602389335632,
  "rand_raw_std": 0.03624056670392561,
  "params": {
    "compactness": 10.0,
    "sigma": 1.0,
    "use_lab": false
  }
}