{
  "img": "/content/chest_xray_cache/cache_3a0b791144/images/train/PNEUMONIA/person721_virus_1340.jpeg",
  "method": "ScoreCAM",
  "K": 116,
  "baseline_mode": "blur",
  "p0": 0.7338572144508362,
  "auc_raw": 1.2246476411819458,
  "rand_raw_mean": 1.1508918801943462,
  "rand_raw_std": 0.04341793025509842,
  "params": {
    "compactness": 10.0,
    "sigma": 1.0,
    "use_lab": false
  }
}