{
  "img": "/content/chest_xray_cache/cache_3a0b791144/images/train/PNEUMONIA/person435_virus_885.jpeg",
  "method": "GradCAM",
  "K": 73,
  "baseline_mode": "blur",
  "p0": 0.792384684085846,
  "auc_raw": 0.838952898979187,
  "rand_raw_mean": 0.882854680220286,
  "rand_raw_std": 0.07476157062382201,
  "params": {
    "compactness": 10.0,
    "sigma": 1.0,
    "use_lab": false
  }
}