{
  "img": "/content/chest_xray_cache/cache_3a0b791144/images/train/PNEUMONIA/person841_virus_1481.jpeg",
  "method": "GradxInput",
  "K": 73,
  "baseline_mode": "dataset-mean",
  "p0": 0.9374452829360962,
  "auc_raw": 0.7741126418113708,
  "rand_raw_mean": 0.7454048097133636,
  "rand_raw_std": 0.0478588245637669,
  "params": {
    "compactness": 10.0,
    "sigma": 1.0,
    "use_lab": false
  }
}