{
  "img": "/content/chest_xray_cache/cache_3a0b791144/images/train/PNEUMONIA/person475_bacteria_2025.jpeg",
  "method": "OccSensitivity",
  "K": 60,
  "baseline_mode": "dataset-mean",
  "p0": 0.969295084476471,
  "auc_raw": 0.7008261680603027,
  "rand_raw_mean": 0.7170000125964483,
  "rand_raw_std": 0.04202177157183029,
  "params": {
    "compactness": 10.0,
    "sigma": 1.0,
    "use_lab": false
  }
}