{
  "img": "/content/chest_xray_cache/cache_3a0b791144/images/train/PNEUMONIA/person520_bacteria_2204.jpeg",
  "method": "IntegratedGradients",
  "K": 61,
  "baseline_mode": "dataset-mean",
  "p0": 0.9989853501319885,
  "auc_raw": 0.6653997302055359,
  "rand_raw_mean": 0.6964697241783142,
  "rand_raw_std": 0.021914978768850818,
  "params": {
    "compactness": 10.0,
    "sigma": 1.0,
    "use_lab": false
  }
}