{
  "img": "/content/chest_xray_cache/cache_3a0b791144/images/train/PNEUMONIA/person154_virus_305.jpeg",
  "method": "GradCAM",
  "K": 95,
  "baseline_mode": "dataset-mean",
  "p0": 0.9321912527084351,
  "auc_raw": 0.6572221517562866,
  "rand_raw_mean": 0.7527215679486593,
  "rand_raw_std": 0.019077005906491064,
  "params": {
    "compactness": 10.0,
    "sigma": 1.0,
    "use_lab": false
  }
}