{
  "img": "/content/chest_xray_cache/cache_3a0b791144/images/train/PNEUMONIA/person721_virus_1340.jpeg",
  "method": "OccSensitivity",
  "K": 139,
  "baseline_mode": "blur",
  "p0": 0.7338572144508362,
  "auc_raw": 0.5985009670257568,
  "rand_raw_mean": 1.1372800370057423,
  "rand_raw_std": 0.0621123815442912,
  "params": {
    "compactness": 10.0,
    "sigma": 1.0,
    "use_lab": false
  }
}