{
  "img": "/content/chest_xray_cache/cache_3a0b791144/images/train/PNEUMONIA/person841_virus_1481.jpeg",
  "method": "OccSensitivity",
  "K": 94,
  "baseline_mode": "dataset-mean",
  "p0": 0.9374452829360962,
  "auc_raw": 0.736494779586792,
  "rand_raw_mean": 0.7574781477451324,
  "rand_raw_std": 0.027291465629571784,
  "params": {
    "compactness": 10.0,
    "sigma": 1.0,
    "use_lab": false
  }
}