{
  "img": "/content/chest_xray_cache/cache_3a0b791144/images/train/PNEUMONIA/person115_virus_219.jpeg",
  "method": "ScoreCAM",
  "K": 142,
  "baseline_mode": "blur",
  "p0": 0.8984790444374084,
  "auc_raw": 1.0028634071350098,
  "rand_raw_mean": 0.9950988839070002,
  "rand_raw_std": 0.01706147323390877,
  "params": {
    "compactness": 10.0,
    "sigma": 1.0,
    "use_lab": false
  }
}