{
  "image": "/content/chest_xray_cache/cache_3a0b791144/images/train/PNEUMONIA/person154_virus_305.jpeg",
  "K": 116,
  "p0": 0.9321912527084351,
  "baseline": 0.5980010628700256,
  "params": {
    "n_segments": 120,
    "compactness": 10.0,
    "sigma": 1.0,
    "use_lab": false
  },
  "aucs": {
    "SEED_raw": 0.33939671516418457,
    "SEED_b": 0.046416379511356354,
    "SOFI_HL_raw": 0.29906225204467773,
    "SOFI_HL_b": 0.04893811047077179,
    "RAND_raw_mean": 0.7541221231222153,
    "RAND_raw_std": 0.030451876557842265
  },
  "hl_meta": {
    "stopped_reason": "max_iters",
    "iters_done": 600,
    "best_improvement": 0.007170975208282471,
    "patience_scale": 2.5,
    "max_iters_per": 600
  },
  "seed": 6042,
  "baseline_mode": "dataset-mean"
}