{
  "image": "/content/chest_xray_cache/cache_3a0b791144/images/train/PNEUMONIA/person475_bacteria_2025.jpeg",
  "K": 116,
  "p0": 0.969295084476471,
  "baseline": 0.5980010628700256,
  "params": {
    "n_segments": 120,
    "compactness": 10.0,
    "sigma": 1.0,
    "use_lab": false
  },
  "aucs": {
    "SEED_raw": 0.4633900821208954,
    "SEED_b": 0.2611907124519348,
    "SOFI_HL_raw": 0.4232630133628845,
    "SOFI_HL_b": 0.25971755385398865,
    "RAND_raw_mean": 0.7454337875048319,
    "RAND_raw_std": 0.03953386918696863
  },
  "hl_meta": {
    "stopped_reason": "max_iters",
    "iters_done": 600,
    "best_improvement": 0.005623489618301392,
    "patience_scale": 2.5,
    "max_iters_per": 600
  },
  "seed": 4042,
  "baseline_mode": "dataset-mean"
}