{
  "image": "/content/chest_xray_cache/cache_3a0b791144/images/train/PNEUMONIA/person841_virus_1481.jpeg",
  "K": 117,
  "p0": 0.9374452829360962,
  "baseline": 0.5980010628700256,
  "params": {
    "n_segments": 120,
    "compactness": 10.0,
    "sigma": 1.0,
    "use_lab": false
  },
  "aucs": {
    "SEED_raw": 0.36413663625717163,
    "SEED_b": 0.06926386058330536,
    "SOFI_HL_raw": 0.2968796491622925,
    "SOFI_HL_b": 0.06950943917036057,
    "RAND_raw_mean": 0.7524161885182062,
    "RAND_raw_std": 0.03998973450583239
  },
  "hl_meta": {
    "stopped_reason": "max_iters",
    "iters_done": 600,
    "best_improvement": 0.009636253118515015,
    "patience_scale": 2.5,
    "max_iters_per": 600
  },
  "seed": 5042,
  "baseline_mode": "dataset-mean"
}