{
  "image": "/content/chest_xray_cache/cache_3a0b791144/images/test/PNEUMONIA/person112_bacteria_538.jpeg",
  "K": 120,
  "p0": 0.9992984533309937,
  "baseline": 0.5980010628700256,
  "params": {
    "n_segments": 120,
    "compactness": 10.0,
    "sigma": 1.0,
    "use_lab": false
  },
  "aucs": {
    "SEED_raw": 0.35318422317504883,
    "SEED_b": 0.137628972530365,
    "SOFI_HL_raw": 0.31826096773147583,
    "SOFI_HL_b": 0.1486700028181076,
    "RAND_raw_mean": 0.7326473891735077,
    "RAND_raw_std": 0.027254580407164854
  },
  "hl_meta": {
    "stopped_reason": "max_iters",
    "iters_done": 600,
    "best_improvement": 0.00888332724571228,
    "patience_scale": 2.5,
    "max_iters_per": 600
  },
  "seed": 1042,
  "baseline_mode": "dataset-mean"
}