{
  "image": "/content/chest_xray_cache/cache_3a0b791144/images/train/PNEUMONIA/person435_virus_885.jpeg",
  "K": 113,
  "p0": 0.792384684085846,
  "baseline": 0.5980010628700256,
  "params": {
    "n_segments": 120,
    "compactness": 10.0,
    "sigma": 1.0,
    "use_lab": false
  },
  "aucs": {
    "SEED_raw": 0.4561368227005005,
    "SEED_b": 0.025571947917342186,
    "SOFI_HL_raw": 0.2791951298713684,
    "SOFI_HL_b": 0.025760801509022713,
    "RAND_raw_mean": 0.7480004727840424,
    "RAND_raw_std": 0.07116593262355714
  },
  "hl_meta": {
    "stopped_reason": "max_iters",
    "iters_done": 600,
    "best_improvement": 0.01639750599861145,
    "patience_scale": 2.5,
    "max_iters_per": 600
  },
  "seed": 8042,
  "baseline_mode": "dataset-mean"
}