{
  "image": "/content/chest_xray_cache/cache_3a0b791144/images/train/PNEUMONIA/person115_virus_219.jpeg",
  "K": 115,
  "p0": 0.8984790444374084,
  "baseline": 0.5980010628700256,
  "params": {
    "n_segments": 120,
    "compactness": 10.0,
    "sigma": 1.0,
    "use_lab": false
  },
  "aucs": {
    "SEED_raw": 0.29254305362701416,
    "SEED_b": 0.04079382121562958,
    "SOFI_HL_raw": 0.2279719114303589,
    "SOFI_HL_b": 0.043044015765190125,
    "RAND_raw_mean": 0.7589639872312546,
    "RAND_raw_std": 0.039880419459983676
  },
  "hl_meta": {
    "stopped_reason": "max_iters",
    "iters_done": 600,
    "best_improvement": 0.00905504822731018,
    "patience_scale": 2.5,
    "max_iters_per": 600
  },
  "seed": 7042,
  "baseline_mode": "dataset-mean"
}