{
  "image": "/content/chest_xray_cache/cache_3a0b791144/images/train/PNEUMONIA/person435_virus_885.jpeg",
  "K": 95,
  "p0": 0.792384684085846,
  "baseline": 0.0,
  "params": {
    "n_segments": 100,
    "compactness": 10.0,
    "sigma": 1.0,
    "use_lab": false
  },
  "aucs": {
    "SEED_raw": 0.4165716767311096,
    "SEED_b": 0.020600272342562675,
    "SOFI_HL_raw": 0.3342110514640808,
    "SOFI_HL_b": 0.020983848720788956,
    "RAND_raw_mean": 1.036620855331421,
    "RAND_raw_std": 0.02874700424583092
  },
  "hl_meta": {
    "stopped_reason": "max_iters",
    "iters_done": 475,
    "best_improvement": 0.019230425357818604
  },
  "seed": 8042
}