{
  "image": "/content/chest_xray_cache/cache_3a0b791144/images/train/PNEUMONIA/person721_virus_1340.jpeg",
  "K": 102,
  "p0": 0.7338572144508362,
  "baseline": 0.0,
  "params": {
    "n_segments": 100,
    "compactness": 10.0,
    "sigma": 1.0,
    "use_lab": false
  },
  "aucs": {
    "SEED_raw": 0.5411288738250732,
    "SEED_b": 0.04490763694047928,
    "SOFI_HL_raw": 0.4832768142223358,
    "SOFI_HL_b": 0.04490763694047928,
    "RAND_raw_mean": 1.1451437175273895,
    "RAND_raw_std": 0.03140381173888996
  },
  "hl_meta": {
    "stopped_reason": "max_iters",
    "iters_done": 510,
    "best_improvement": 0.015030086040496826
  },
  "seed": 10042
}