{
  "image": "/content/chest_xray_cache/cache_3a0b791144/images/train/PNEUMONIA/person21_bacteria_72.jpeg",
  "K": 92,
  "p0": 0.7888375520706177,
  "baseline": 0.0,
  "params": {
    "n_segments": 100,
    "compactness": 10.0,
    "sigma": 1.0,
    "use_lab": false
  },
  "aucs": {
    "SEED_raw": 0.4729841351509094,
    "SEED_b": 0.04171150550246239,
    "SOFI_HL_raw": 0.42776548862457275,
    "SOFI_HL_b": 0.04171150550246239,
    "RAND_raw_mean": 1.0079966882864635,
    "RAND_raw_std": 0.03361171292157479
  },
  "hl_meta": {
    "stopped_reason": "max_iters",
    "iters_done": 460,
    "best_improvement": 0.00595015287399292
  },
  "seed": 9042
}