{
  "image": "/content/chest_xray_cache/cache_3a0b791144/images/test/PNEUMONIA/person112_bacteria_538.jpeg",
  "K": 61,
  "p0": 0.9992984533309937,
  "baseline": 0.5980010628700256,
  "params": {
    "n_segments": 60,
    "compactness": 10.0,
    "sigma": 1.0,
    "use_lab": false
  },
  "aucs": {
    "SEED_raw": 0.46205586194992065,
    "SEED_b": 0.3039785623550415,
    "SOFI_HL_raw": 0.4395015835762024,
    "SOFI_HL_b": 0.29063117504119873,
    "RAND_raw_mean": 0.7033822933832804,
    "RAND_raw_std": 0.03603745804332527
  },
  "hl_meta": {
    "stopped_reason": "max_iters",
    "iters_done": 300,
    "best_improvement": 0.004268944263458252,
    "patience_scale": 2.5,
    "max_iters_per": 300
  },
  "seed": 1042,
  "baseline_mode": "dataset-mean"
}