{
  "image": "/content/chest_xray_cache/cache_3a0b791144/images/train/PNEUMONIA/person435_virus_885.jpeg",
  "K": 57,
  "p0": 0.792384684085846,
  "baseline": 0.5980010628700256,
  "params": {
    "n_segments": 60,
    "compactness": 10.0,
    "sigma": 1.0,
    "use_lab": false
  },
  "aucs": {
    "SEED_raw": 0.4638071656227112,
    "SEED_b": 0.03970104828476906,
    "SOFI_HL_raw": 0.35687896609306335,
    "SOFI_HL_b": 0.03970104828476906,
    "RAND_raw_mean": 0.7386572311321894,
    "RAND_raw_std": 0.06954961192151225
  },
  "hl_meta": {
    "stopped_reason": "max_iters",
    "iters_done": 300,
    "best_improvement": 0.02672848105430603,
    "patience_scale": 2.5,
    "max_iters_per": 300
  },
  "seed": 8042,
  "baseline_mode": "dataset-mean"
}