{
  "image": "/content/chest_xray_cache/cache_3a0b791144/images/train/PNEUMONIA/person841_virus_1481.jpeg",
  "K": 55,
  "p0": 0.9374452829360962,
  "baseline": 0.5980010628700256,
  "params": {
    "n_segments": 60,
    "compactness": 10.0,
    "sigma": 1.0,
    "use_lab": false
  },
  "aucs": {
    "SEED_raw": 0.470026433467865,
    "SEED_b": 0.3412441909313202,
    "SOFI_HL_raw": 0.40946388244628906,
    "SOFI_HL_b": 0.31228548288345337,
    "RAND_raw_mean": 0.7180352161327997,
    "RAND_raw_std": 0.04796250730037866
  },
  "hl_meta": {
    "stopped_reason": "max_iters",
    "iters_done": 300,
    "best_improvement": 0.030787646770477295,
    "patience_scale": 2.5,
    "max_iters_per": 300
  },
  "seed": 5042,
  "baseline_mode": "dataset-mean"
}