{
  "image": "/content/chest_xray_cache/cache_3a0b791144/images/train/PNEUMONIA/person115_virus_219.jpeg",
  "K": 99,
  "p0": 0.8984790444374084,
  "baseline": 0.5980010628700256,
  "params": {
    "n_segments": 100,
    "compactness": 10.0,
    "sigma": 1.0,
    "use_lab": false
  },
  "aucs": {
    "SEED_raw": 0.3864516019821167,
    "SEED_b": 0.050632622092962265,
    "SOFI_HL_raw": 0.3273658752441406,
    "SOFI_HL_b": 0.05072328820824623,
    "RAND_raw_mean": 0.7842488785584768,
    "RAND_raw_std": 0.04074740336617179
  },
  "hl_meta": {
    "stopped_reason": "max_iters",
    "iters_done": 495,
    "best_improvement": 0.006720393896102905
  },
  "seed": 7042
}