{
  "image": "/content/chest_xray_cache/cache_3a0b791144/images/test/PNEUMONIA/person112_bacteria_538.jpeg",
  "K": 98,
  "p0": 0.9992984533309937,
  "baseline": 0.5980010628700256,
  "params": {
    "n_segments": 100,
    "compactness": 10.0,
    "sigma": 1.0,
    "use_lab": false
  },
  "aucs": {
    "SEED_raw": 0.3739631772041321,
    "SEED_b": 0.13192333281040192,
    "SOFI_HL_raw": 0.3197469711303711,
    "SOFI_HL_b": 0.13167551159858704,
    "RAND_raw_mean": 0.7320496588945389,
    "RAND_raw_std": 0.021519329615383043
  },
  "hl_meta": {
    "stopped_reason": "max_iters",
    "iters_done": 490,
    "best_improvement": 0.00964730978012085
  },
  "seed": 1042
}