{
  "image": "/content/chest_xray_cache/cache_3a0b791144/images/train/PNEUMONIA/person475_bacteria_2025.jpeg",
  "K": 137,
  "p0": 0.969295084476471,
  "baseline": 0.5980010628700256,
  "params": {
    "n_segments": 140,
    "compactness": 10.0,
    "sigma": 1.0,
    "use_lab": false
  },
  "aucs": {
    "SEED_raw": 0.35481953620910645,
    "SEED_b": 0.08955643326044083,
    "SOFI_HL_raw": 0.3114636540412903,
    "SOFI_HL_b": 0.09494391083717346,
    "RAND_raw_mean": 0.7565168341000875,
    "RAND_raw_std": 0.031179303763699484
  },
  "hl_meta": {
    "stopped_reason": "max_iters",
    "iters_done": 700,
    "best_improvement": 0.0118333101272583,
    "patience_scale": 2.5,
    "max_iters_per": 700
  },
  "seed": 4042,
  "baseline_mode": "dataset-mean"
}