{
  "image": "/content/chest_xray_cache/cache_3a0b791144/images/train/PNEUMONIA/person115_virus_219.jpeg",
  "K": 142,
  "p0": 0.8984790444374084,
  "baseline": 0.5980010628700256,
  "params": {
    "n_segments": 140,
    "compactness": 10.0,
    "sigma": 1.0,
    "use_lab": false
  },
  "aucs": {
    "SEED_raw": 0.32898610830307007,
    "SEED_b": 0.03582406044006348,
    "SOFI_HL_raw": 0.2536657452583313,
    "SOFI_HL_b": 0.03630394861102104,
    "RAND_raw_mean": 0.808013473947843,
    "RAND_raw_std": 0.031892274510702735
  },
  "hl_meta": {
    "stopped_reason": "max_iters",
    "iters_done": 700,
    "best_improvement": 0.007028520107269287,
    "patience_scale": 2.5,
    "max_iters_per": 700
  },
  "seed": 7042,
  "baseline_mode": "dataset-mean"
}