{
  "image": "/content/chest_xray_cache/cache_3a0b791144/images/train/PNEUMONIA/person1439_virus_2453.jpeg",
  "K": 143,
  "p0": 0.976010262966156,
  "baseline": 0.5980010628700256,
  "params": {
    "n_segments": 140,
    "compactness": 10.0,
    "sigma": 1.0,
    "use_lab": false
  },
  "aucs": {
    "SEED_raw": 0.3348040282726288,
    "SEED_b": 0.04925398901104927,
    "SOFI_HL_raw": 0.2758333086967468,
    "SOFI_HL_b": 0.0504433698952198,
    "RAND_raw_mean": 0.7574923733870188,
    "RAND_raw_std": 0.02499771377756613
  },
  "hl_meta": {
    "stopped_reason": "max_iters",
    "iters_done": 700,
    "best_improvement": 0.012117534875869751,
    "patience_scale": 2.5,
    "max_iters_per": 700
  },
  "seed": 3042,
  "baseline_mode": "dataset-mean"
}