{
  "image": "/content/chest_xray_cache/cache_3a0b791144/images/train/PNEUMONIA/person721_virus_1340.jpeg",
  "K": 79,
  "p0": 0.7338572144508362,
  "baseline": 0.5980010628700256,
  "params": {
    "n_segments": 80,
    "compactness": 10.0,
    "sigma": 1.0,
    "use_lab": false
  },
  "aucs": {
    "SEED_raw": 0.5629525184631348,
    "SEED_b": 0.2946365177631378,
    "SOFI_HL_raw": 0.5180317163467407,
    "SOFI_HL_b": 0.301778107881546,
    "RAND_raw_mean": 0.9317402491966883,
    "RAND_raw_std": 0.036808763262456606
  },
  "hl_meta": {
    "stopped_reason": "max_iters",
    "iters_done": 400,
    "best_improvement": 0.009224176406860352,
    "patience_scale": 2.5,
    "max_iters_per": 400
  },
  "seed": 10042,
  "baseline_mode": "dataset-mean"
}