{
  "image": "/content/chest_xray_cache/cache_3a0b791144/images/train/PNEUMONIA/person520_bacteria_2204.jpeg",
  "K": 78,
  "p0": 0.9989853501319885,
  "baseline": 0.5980010628700256,
  "params": {
    "n_segments": 80,
    "compactness": 10.0,
    "sigma": 1.0,
    "use_lab": false
  },
  "aucs": {
    "SEED_raw": 0.4889112114906311,
    "SEED_b": 0.3478493094444275,
    "SOFI_HL_raw": 0.43365633487701416,
    "SOFI_HL_b": 0.347182035446167,
    "RAND_raw_mean": 0.7216764390468597,
    "RAND_raw_std": 0.043650153883179256
  },
  "hl_meta": {
    "stopped_reason": "max_iters",
    "iters_done": 400,
    "best_improvement": 0.017828434705734253,
    "patience_scale": 2.5,
    "max_iters_per": 400
  },
  "seed": 2042,
  "baseline_mode": "dataset-mean"
}