{
  "image": "/content/chest_xray_cache/cache_3a0b791144/images/train/PNEUMONIA/person154_virus_305.jpeg",
  "K": 74,
  "p0": 0.9321912527084351,
  "baseline": 0.5980010628700256,
  "params": {
    "n_segments": 80,
    "compactness": 10.0,
    "sigma": 1.0,
    "use_lab": false
  },
  "aucs": {
    "SEED_raw": 0.37625962495803833,
    "SEED_b": 0.11448648571968079,
    "SOFI_HL_raw": 0.3167286813259125,
    "SOFI_HL_b": 0.10723994672298431,
    "RAND_raw_mean": 0.7261930853128433,
    "RAND_raw_std": 0.025746592878738397
  },
  "hl_meta": {
    "stopped_reason": "max_iters",
    "iters_done": 400,
    "best_improvement": 0.025674879550933838,
    "patience_scale": 2.5,
    "max_iters_per": 400
  },
  "seed": 6042,
  "baseline_mode": "dataset-mean"
}