{
  "image": "/content/chest_xray_cache/cache_3a0b791144/images/train/PNEUMONIA/person841_virus_1481.jpeg",
  "K": 73,
  "p0": 0.9374452829360962,
  "baseline": 0.5980010628700256,
  "params": {
    "n_segments": 80,
    "compactness": 10.0,
    "sigma": 1.0,
    "use_lab": false
  },
  "aucs": {
    "SEED_raw": 0.38170772790908813,
    "SEED_b": 0.26561203598976135,
    "SOFI_HL_raw": 0.3122250437736511,
    "SOFI_HL_b": 0.23317420482635498,
    "RAND_raw_mean": 0.7239652574062347,
    "RAND_raw_std": 0.032857389095942505
  },
  "hl_meta": {
    "stopped_reason": "max_iters",
    "iters_done": 400,
    "best_improvement": 0.012054890394210815,
    "patience_scale": 2.5,
    "max_iters_per": 400
  },
  "seed": 5042,
  "baseline_mode": "dataset-mean"
}