{
  "image": "/content/chest_xray_cache/cache_3a0b791144/images/train/PNEUMONIA/person1439_virus_2453.jpeg",
  "K": 78,
  "p0": 0.976010262966156,
  "baseline": 0.5980010628700256,
  "params": {
    "n_segments": 80,
    "compactness": 10.0,
    "sigma": 1.0,
    "use_lab": false
  },
  "aucs": {
    "SEED_raw": 0.3933655023574829,
    "SEED_b": 0.1268782615661621,
    "SOFI_HL_raw": 0.34415847063064575,
    "SOFI_HL_b": 0.1268782615661621,
    "RAND_raw_mean": 0.7241511394580206,
    "RAND_raw_std": 0.05009622011897182
  },
  "hl_meta": {
    "stopped_reason": "max_iters",
    "iters_done": 400,
    "best_improvement": 0.010432392358779907,
    "patience_scale": 2.5,
    "max_iters_per": 400
  },
  "seed": 3042,
  "baseline_mode": "dataset-mean"
}