{
  "image": "/content/chest_xray_cache/cache_3a0b791144/images/test/PNEUMONIA/person112_bacteria_538.jpeg",
  "K": 78,
  "p0": 0.9992984533309937,
  "baseline": 0.5980010628700256,
  "params": {
    "n_segments": 80,
    "compactness": 10.0,
    "sigma": 1.0,
    "use_lab": false
  },
  "aucs": {
    "SEED_raw": 0.42829638719558716,
    "SEED_b": 0.26576685905456543,
    "SOFI_HL_raw": 0.36881589889526367,
    "SOFI_HL_b": 0.25906628370285034,
    "RAND_raw_mean": 0.7123472144206365,
    "RAND_raw_std": 0.03282047081909697
  },
  "hl_meta": {
    "stopped_reason": "max_iters",
    "iters_done": 400,
    "best_improvement": 0.019407182931900024,
    "patience_scale": 2.5,
    "max_iters_per": 400
  },
  "seed": 1042,
  "baseline_mode": "dataset-mean"
}