{
  "image": "/content/chest_xray_cache/cache_3a0b791144/images/train/PNEUMONIA/person115_virus_219.jpeg",
  "K": 73,
  "p0": 0.8984790444374084,
  "baseline": 0.5980010628700256,
  "params": {
    "n_segments": 80,
    "compactness": 10.0,
    "sigma": 1.0,
    "use_lab": false
  },
  "aucs": {
    "SEED_raw": 0.414626806974411,
    "SEED_b": 0.07175398617982864,
    "SOFI_HL_raw": 0.3248465061187744,
    "SOFI_HL_b": 0.07175388932228088,
    "RAND_raw_mean": 0.7381873379151026,
    "RAND_raw_std": 0.04191179183333145
  },
  "hl_meta": {
    "stopped_reason": "max_iters",
    "iters_done": 400,
    "best_improvement": 0.02467942237854004,
    "patience_scale": 2.5,
    "max_iters_per": 400
  },
  "seed": 7042,
  "baseline_mode": "dataset-mean"
}