{
  "image": "/content/chest_xray_cache/cache_3a0b791144/images/train/PNEUMONIA/person435_virus_885.jpeg",
  "K": 73,
  "p0": 0.792384684085846,
  "baseline": 0.5980010628700256,
  "params": {
    "n_segments": 80,
    "compactness": 10.0,
    "sigma": 1.0,
    "use_lab": false
  },
  "aucs": {
    "SEED_raw": 0.39752236008644104,
    "SEED_b": 0.029149886220693588,
    "SOFI_HL_raw": 0.2956872284412384,
    "SOFI_HL_b": 0.029171638190746307,
    "RAND_raw_mean": 0.7419239630301794,
    "RAND_raw_std": 0.05354068838568904
  },
  "hl_meta": {
    "stopped_reason": "max_iters",
    "iters_done": 400,
    "best_improvement": 0.01800626516342163,
    "patience_scale": 2.5,
    "max_iters_per": 400
  },
  "seed": 8042,
  "baseline_mode": "dataset-mean"
}