{
  "image": "/content/chest_xray_cache/cache_3a0b791144/images/train/PNEUMONIA/person115_virus_219.jpeg",
  "K": 99,
  "p0": 0.8984790444374084,
  "baseline": {
    "mode": "blur"
  },
  "params": {
    "n_segments": 100,
    "compactness": 10.0,
    "sigma": 1.0,
    "use_lab": false
  },
  "aucs": {
    "SEED_raw": 0.36755383014678955,
    "SEED_b": 0.10746974498033524,
    "SOFI_HL_raw": 0.32339996099472046,
    "SOFI_HL_b": 0.10778370499610901,
    "RAND_raw_mean": 0.9915584176778793,
    "RAND_raw_std": 0.023433837433887522
  },
  "hl_meta": {
    "stopped_reason": "max_iters",
    "iters_done": 495,
    "best_improvement": 0.009445756673812866
  },
  "seed": 7042,
  "baseline_mode": "blur"
}