{
  "image": "/content/chest_xray_cache/cache_3a0b791144/images/train/PNEUMONIA/person721_virus_1340.jpeg",
  "K": 102,
  "p0": 0.7338572144508362,
  "baseline": {
    "mode": "blur"
  },
  "params": {
    "n_segments": 100,
    "compactness": 10.0,
    "sigma": 1.0,
    "use_lab": false
  },
  "aucs": {
    "SEED_raw": 0.30589941143989563,
    "SEED_b": 0.05454179644584656,
    "SOFI_HL_raw": 0.2589215040206909,
    "SOFI_HL_b": 0.05497404560446739,
    "RAND_raw_mean": 1.1476737956206005,
    "RAND_raw_std": 0.043548769873236644
  },
  "hl_meta": {
    "stopped_reason": "max_iters",
    "iters_done": 510,
    "best_improvement": 0.0048385560512542725
  },
  "seed": 10042,
  "baseline_mode": "blur"
}