{
  "image": "/content/chest_xray_cache/cache_3a0b791144/images/train/PNEUMONIA/person841_virus_1481.jpeg",
  "K": 94,
  "p0": 0.9374452829360962,
  "baseline": {
    "mode": "blur"
  },
  "params": {
    "n_segments": 100,
    "compactness": 10.0,
    "sigma": 1.0,
    "use_lab": false
  },
  "aucs": {
    "SEED_raw": 0.24465487897396088,
    "SEED_b": 0.07406771183013916,
    "SOFI_HL_raw": 0.21831053495407104,
    "SOFI_HL_b": 0.07406771183013916,
    "RAND_raw_mean": 0.8941646864016851,
    "RAND_raw_std": 0.07709738326188417
  },
  "hl_meta": {
    "stopped_reason": "max_iters",
    "iters_done": 470,
    "best_improvement": 0.0063371360301971436
  },
  "seed": 5042,
  "baseline_mode": "blur"
}