{
  "image": "/content/chest_xray_cache/cache_3a0b791144/images/train/PNEUMONIA/person520_bacteria_2204.jpeg",
  "K": 78,
  "p0": 0.9989853501319885,
  "baseline": {
    "mode": "blur"
  },
  "params": {
    "n_segments": 80,
    "compactness": 10.0,
    "sigma": 1.0,
    "use_lab": false
  },
  "aucs": {
    "SEED_raw": 0.6002485156059265,
    "SEED_b": 0.2764109969139099,
    "SOFI_HL_raw": 0.567727267742157,
    "SOFI_HL_b": 0.27610719203948975,
    "RAND_raw_mean": 0.9426765392223994,
    "RAND_raw_std": 0.018648142690122875
  },
  "hl_meta": {
    "stopped_reason": "max_iters",
    "iters_done": 400,
    "best_improvement": 0.011022210121154785,
    "patience_scale": 2.5,
    "max_iters_per": 400
  },
  "seed": 2042,
  "baseline_mode": "blur"
}