{
  "image": "/content/chest_xray_cache/cache_3a0b791144/images/train/PNEUMONIA/person21_bacteria_72.jpeg",
  "K": 73,
  "p0": 0.7888375520706177,
  "baseline": {
    "mode": "blur"
  },
  "params": {
    "n_segments": 80,
    "compactness": 10.0,
    "sigma": 1.0,
    "use_lab": false
  },
  "aucs": {
    "SEED_raw": 0.40702688694000244,
    "SEED_b": 0.042146626859903336,
    "SOFI_HL_raw": 0.2838289737701416,
    "SOFI_HL_b": 0.04796133190393448,
    "RAND_raw_mean": 0.8948817749818166,
    "RAND_raw_std": 0.09606128177458877
  },
  "hl_meta": {
    "stopped_reason": "max_iters",
    "iters_done": 400,
    "best_improvement": 0.036890894174575806,
    "patience_scale": 2.5,
    "max_iters_per": 400
  },
  "seed": 9042,
  "baseline_mode": "blur"
}