{
  "image": "/content/chest_xray_cache/cache_3a0b791144/images/train/PNEUMONIA/person1439_virus_2453.jpeg",
  "K": 78,
  "p0": 0.976010262966156,
  "baseline": {
    "mode": "blur"
  },
  "params": {
    "n_segments": 80,
    "compactness": 10.0,
    "sigma": 1.0,
    "use_lab": false
  },
  "aucs": {
    "SEED_raw": 0.34077027440071106,
    "SEED_b": 0.0852542519569397,
    "SOFI_HL_raw": 0.3093861937522888,
    "SOFI_HL_b": 0.0852542519569397,
    "RAND_raw_mean": 0.9004463801781336,
    "RAND_raw_std": 0.040593712237889955
  },
  "hl_meta": {
    "stopped_reason": "max_iters",
    "iters_done": 400,
    "best_improvement": 0.005267202854156494,
    "patience_scale": 2.5,
    "max_iters_per": 400
  },
  "seed": 3042,
  "baseline_mode": "blur"
}