{
  "image": "/content/chest_xray_cache/cache_3a0b791144/images/train/PNEUMONIA/person475_bacteria_2025.jpeg",
  "K": 75,
  "p0": 0.969295084476471,
  "baseline": {
    "mode": "blur"
  },
  "params": {
    "n_segments": 80,
    "compactness": 10.0,
    "sigma": 1.0,
    "use_lab": false
  },
  "aucs": {
    "SEED_raw": 0.37862735986709595,
    "SEED_b": 0.17797596752643585,
    "SOFI_HL_raw": 0.35885095596313477,
    "SOFI_HL_b": 0.17797596752643585,
    "RAND_raw_mean": 0.9176620443662008,
    "RAND_raw_std": 0.030469180809709916
  },
  "hl_meta": {
    "stopped_reason": "max_iters",
    "iters_done": 400,
    "best_improvement": 0.0021033883094787598,
    "patience_scale": 2.5,
    "max_iters_per": 400
  },
  "seed": 4042,
  "baseline_mode": "blur"
}