{
  "image": "/content/chest_xray_cache/cache_3a0b791144/images/train/PNEUMONIA/person435_virus_885.jpeg",
  "K": 73,
  "p0": 0.792384684085846,
  "baseline": {
    "mode": "blur"
  },
  "params": {
    "n_segments": 80,
    "compactness": 10.0,
    "sigma": 1.0,
    "use_lab": false
  },
  "aucs": {
    "SEED_raw": 0.29325124621391296,
    "SEED_b": 0.04210007190704346,
    "SOFI_HL_raw": 0.2213815599679947,
    "SOFI_HL_b": 0.04254612326622009,
    "RAND_raw_mean": 0.866810142993927,
    "RAND_raw_std": 0.09480500271048448
  },
  "hl_meta": {
    "stopped_reason": "max_iters",
    "iters_done": 400,
    "best_improvement": 0.011155158281326294,
    "patience_scale": 2.5,
    "max_iters_per": 400
  },
  "seed": 8042,
  "baseline_mode": "blur"
}