{
  "image": "/content/chest_xray_cache/cache_3a0b791144/images/train/PNEUMONIA/person1439_virus_2453.jpeg",
  "K": 143,
  "p0": 0.976010262966156,
  "baseline": {
    "mode": "blur"
  },
  "params": {
    "n_segments": 140,
    "compactness": 10.0,
    "sigma": 1.0,
    "use_lab": false
  },
  "aucs": {
    "SEED_raw": 0.3320969343185425,
    "SEED_b": 0.0669923722743988,
    "SOFI_HL_raw": 0.276926189661026,
    "SOFI_HL_b": 0.06918323785066605,
    "RAND_raw_mean": 0.9161113997300466,
    "RAND_raw_std": 0.016384292312516986
  },
  "hl_meta": {
    "stopped_reason": "max_iters",
    "iters_done": 700,
    "best_improvement": 0.006112635135650635,
    "patience_scale": 2.5,
    "max_iters_per": 700
  },
  "seed": 3042,
  "baseline_mode": "blur"
}