{
  "image": "/content/chest_xray_cache/cache_3a0b791144/images/train/PNEUMONIA/person721_virus_1340.jpeg",
  "K": 102,
  "p0": 0.7338572144508362,
  "baseline": 1.0,
  "params": {
    "n_segments": 100,
    "compactness": 10.0,
    "sigma": 1.0,
    "use_lab": false
  },
  "aucs": {
    "SEED_raw": 0.9143783450126648,
    "SEED_b": 0.24543382227420807,
    "SOFI_HL_raw": 0.8824405074119568,
    "SOFI_HL_b": 0.24543382227420807,
    "RAND_raw_mean": 1.1851960023244221,
    "RAND_raw_std": 0.018148206050956187
  },
  "hl_meta": {
    "stopped_reason": "max_iters",
    "iters_done": 510,
    "best_improvement": 0.0027583837509155273
  },
  "seed": 10042
}