{
  "image": "/content/chest_xray_cache/cache_3a0b791144/images/train/PNEUMONIA/person475_bacteria_2025.jpeg",
  "K": 97,
  "p0": 0.969295084476471,
  "baseline": 1.0,
  "params": {
    "n_segments": 100,
    "compactness": 10.0,
    "sigma": 1.0,
    "use_lab": false
  },
  "aucs": {
    "SEED_raw": 0.7992855906486511,
    "SEED_b": 0.7188059687614441,
    "SOFI_HL_raw": 0.793300211429596,
    "SOFI_HL_b": 0.7188059687614441,
    "RAND_raw_mean": 0.9115481972694397,
    "RAND_raw_std": 0.024085831408006925
  },
  "hl_meta": {
    "stopped_reason": "max_iters",
    "iters_done": 485,
    "best_improvement": 0.0006221532821655273
  },
  "seed": 4042
}