{
  "image": "/content/chest_xray_cache/cache_3a0b791144/images/train/PNEUMONIA/person115_virus_219.jpeg",
  "K": 99,
  "p0": 0.8984790444374084,
  "baseline": 1.0,
  "params": {
    "n_segments": 100,
    "compactness": 10.0,
    "sigma": 1.0,
    "use_lab": false
  },
  "aucs": {
    "SEED_raw": 0.6429826617240906,
    "SEED_b": 0.097567118704319,
    "SOFI_HL_raw": 0.624268114566803,
    "SOFI_HL_b": 0.08570464700460434,
    "RAND_raw_mean": 0.9539528439442316,
    "RAND_raw_std": 0.03467534876325604
  },
  "hl_meta": {
    "stopped_reason": "max_iters",
    "iters_done": 495,
    "best_improvement": 0.0024924278259277344
  },
  "seed": 7042
}